nombre,paterno,materno,fecha_nacimiento,genero
Winfred,Count,Austin,2018-01-31,H
Robbert,Willetts,Lechmere,2017-11-22,H
Steffen,Mancktelow,Vaneschi,2018-02-02,H
Jelene,Russon,Sadat,2017-12-24,H
Blinny,Mapston,Becks,2018-02-13,H
Meade,Formoy,Cummine,2017-11-01,H
Marketa,Gringley,Alexsandrowicz,2018-04-22,M
Bobette,Duckerin,Pedrazzi,2018-04-25,H
Gabi,Connett,Mapis,2018-04-14,M
Gayle,Curro,Steagall,2018-08-07,M
Darelle,Greenhaugh,Corkan,2017-11-24,H
Aviva,Brazear,Abramson,2017-12-09,H
Kacey,Hayton,Polglaze,2018-01-03,H
Kristopher,Ridesdale,Ropartz,2018-06-24,H
Saba,Chiverton,Greenhalf,2017-12-18,M
Trix,Jeavon,Grishechkin,2018-02-06,M
Charlean,Scading,Grube,2018-01-10,M
Caro,Bresland,Schwandermann,2018-04-01,H
Bernard,Le Friec,Tettersell,2018-05-25,M
Donal,Bent,Baudains,2017-12-03,M
Danell,Fanthome,Kinvig,2018-06-04,M
Shane,Kas,Talloe,2017-11-06,H
Leticia,Mendenhall,Jennions,2018-02-25,M
Maria,Zute,Pittway,2018-01-07,M
Andriette,Puddefoot,Corneil,2018-03-07,H
Jaynell,Blenkinship,Barta,2018-10-12,M
Jerrine,Jepperson,Rouby,2018-04-14,H
Rickert,Seyffert,Sirmond,2017-12-09,M
Beitris,Lodwick,Egiloff,2018-07-20,M
Hercules,Giovanizio,McKeeman,2018-05-01,H
Codie,Blagburn,Tschierse,2018-09-15,M
Sarena,Husband,Burlingame,2018-02-01,H
Lezley,Iacopo,Farey,2018-08-06,H
Mallory,Fernehough,Tams,2018-07-20,H
Lester,Wipfler,Caughey,2018-01-05,H
Noemi,Rableau,Craigg,2018-01-14,M
Aimil,Piesold,Dallas,2018-02-06,H
Margery,Gerrish,Tulloch,2017-12-18,H
Shawna,Lupton,Bygate,2018-07-21,M
Loy,Cowie,Relf,2018-04-30,H
Lexie,Brittle,Vass,2017-11-18,H
Glen,Billsberry,M'cowis,2018-08-22,M
Ermin,Warlawe,Plumbe,2018-06-02,M
Galvin,Hillett,Phython,2018-03-19,M
Egan,Timmens,Paireman,2017-11-17,H
Robbi,Sedworth,Dell'Abbate,2018-01-05,M
Kaile,Patinkin,Cropper,2017-12-12,H
Hogan,Capelin,Rodrigues,2018-06-23,M
Zorine,Gercke,Chester,2018-02-18,M
Beatrisa,Scholig,Genner,2018-10-09,H
Tucky,Featonby,Toovey,2018-09-13,M
Torey,Kemp,Hartley,2018-07-02,M
Tann,Goby,MacMenamy,2018-03-05,H
Giovanni,Osband,Pendrid,2018-04-29,M
Laural,Jane,Offner,2018-04-08,H
Neely,Waddington,Hackleton,2018-03-04,M
Arthur,Spearett,Leverette,2017-10-25,H
Moreen,Holdforth,Lockery,2017-11-09,H
Eveline,Stow,Tofpik,2017-12-07,H
Meris,Lorenzetti,Gonoude,2018-07-22,M
Garwin,Sly,Seeney,2018-10-05,H
Bay,Wildbore,Rastrick,2018-05-26,H
Lars,Jahan,Case,2018-07-25,H
Morry,Stean,Booler,2018-02-26,H
Valera,Quadrio,Lennon,2018-10-13,H
Kipper,Aulds,Daugherty,2018-08-05,H
Cobby,Gowans,Blesdill,2018-01-06,H
Joey,Sutor,Zupone,2018-07-28,H
Neile,Luety,Linnock,2018-08-02,H
Reagen,Nazer,Lembke,2018-09-03,H
Loralie,Larcier,Purver,2017-10-30,H
Nolan,Treslove,Lurcock,2018-08-18,H
Beniamino,Leese,Scare,2018-08-08,H
Daloris,Camis,Kief,2017-11-30,H
Erskine,Grunder,McCloch,2017-11-29,M
Cornelle,Spendlove,Edge,2018-01-24,H
Rosalind,O'Keevan,Bensen,2018-02-07,M
Nickie,Bevington,Sharphouse,2017-11-07,M
Arielle,Stuffins,Jelk,2017-11-14,M
Ramonda,Hidderley,Norcock,2017-10-29,M
Brigitta,Allward,Tivenan,2017-12-15,M
Horace,Vian,McEvilly,2018-06-10,M
Bette,Noblet,Deny,2018-06-14,H
Ilise,Brehault,Dautry,2018-07-07,M
Nicolais,Inett,Buscombe,2017-10-31,H
Reagen,Quillinane,Truesdale,2018-03-09,M
Sig,Trappe,Gueny,2018-03-14,M
Bernadine,Druce,Daoust,2018-07-18,M
Chere,Loft,Toor,2018-07-15,M
Cleve,Rivaland,De Angelo,2018-05-16,M
Delores,Malinson,Eastwood,2018-07-29,H
Ellsworth,Santino,MacCardle,2018-07-10,H
Colas,Van Arsdall,Glanfield,2017-12-25,M
Winna,Gutowski,Joselson,2018-07-24,H
Eva,Giurio,Durrell,2018-09-06,M
Kipper,Mann,Riccard,2017-11-14,M
Fredric,Sleight,Wedmore.,2018-09-05,H
Anjela,Burgoyne,Dearlove,2018-03-29,H
Wiatt,Seine,Weatherall,2018-01-24,M
Albina,McMillam,Radnedge,2017-10-30,H
