RFC,razon_social,calle,num,ciudad,CP_empresa
WOED235362IY8,Collier-Johns,Sauthoff,4,Osinniki,77285
KOWB650129VS6,PEMEX,Mosinee,177,Yaruchel,60040
KOZC593287KJ4,Terry and Sons,Anthes,84,Bojongsari,65659
GODF055695DX9,"Bergstrom, Williamson and Stamm",Alpine,7521,Alor Setar,14297
DUQE768709WH2,GRUPO DOMOS,Eastlawn,8984,Nicosia,89351
AUWF146784MT8,"Mosciski, Miller and Murray",Barnett,1681,Banjar Dharmasemedi,39113
MUEK003925IU8,Rogahn LLC,Basil,91,Guihulngan,41304
OUZX974528PA7,Schowalter-Langworth,Shelley,6063,Adraskan,16641
XOQD459393HJ0,Turcotte Group,Westerfield,70,Shuiyang,95181
UOCQ961816CD6,Weissnat-Von,Dottie,8737,Dikirnis,77252
AUHS459239NT1,Beier Group,Gateway,1844,Caburan,64357
YIQS526745VC9,Walter,Prairie Rose,535,Tangkolo,36937
ZIBI569183ES6,Heller-Hartmann,Haas,9429,Cennan,24657
JUVA999121UG7,"Kautzer, Kunze and Gislason",Independence,81,Zehak,68070
ZOWK199647DS1,Daniel Inc,4th,60,Lidong,14540
JUUK986976RP1,DENIMART,Walton,515,Beiwenquan,45582
ROWY582510GJ2,Goyette-Ernser,Red Cloud,168,Cachipay,24739
DUNS309744MY2,Corwin Inc,Pine View,93,Ube,24652
HEJH712782KD3,Industries Moxican,Crownhardt,2057,Anatuya,95350
BOWQ689000YP1,Bernier and Sons,Sutteridge,765,Rijau,13118
UUUI326180DF8,Pollich Group,Scott,519,Sumberbaru,25793
VUHL028998RO5,Antara,Forest Dale,717,Loureiro,67436
DUXG314522YH8,Pelliot,Fallview,47,Irosin,77211
PUXL036650OF2,Feeney-Bergnaum,Harper,632,Jermuk,15502
KICZ585799KM5,Denville,Steensland,6337,Lawonda,77825
LUFL129220JQ7,Jakubowski and Sons,Acker,500,Manika,23078
IUTY773652SG6,"Corwin, Tillman and Shanahan",Banding,5421,Feitoria,72043
AUVX070400PG8,Morville,Badeau,6197,Junan,51115
REWJ526488SB9,Emard Inc,Packers,27,Langub,64232
SUCL465717HE4,Zulauf Inc,Jackson,1,Cucuta,60871
BITR746068AU9,Goodwin and Sons,Thackeray,788,El Triunfo,72809
BIHR592094PI5,Heathcote-Rath,Bayside,29,New York City,15872
YUNM543473EO7,O'Hara-Bednar,Kenwood,66,Araal,50767
LOUZ278528FN5,"Bernier, Murazik and Zemlak",Sachtjen,2583,Saspow,89121
PAVT091003YV1,Health ,Cambridge,30,Maronge,14776
IIKB100592XG4,"Mosciski, Murphy and Bradtke",Grim,5,Timahankrajan,47114
ZOQM449983DP7,"Ebert, Watsica and Tremblay",Birchwood,4766,Pondaguitan,53117
RIHK121705XT6,Grant Inc,8th,2,Albania,36755
MOCU168474NZ3,Lehner-Orn,5th,45,Dallas,42712
WUKX892520JD7,"Lindgren, Ziemann and Marks",Pennsylvania,174,Bryan,41062
TEOS969482OH0,Terramark,Knutson,5114,Pokrovskoye,65416
WUKM141057FN8,Turner LLC,Schurz,7,Krasnyy Yar,98612
DOHC472307LS9,"Conroy, Grant and Waters",Briar Crest,29,Liusi,41206
EUMO955873GX1,"Schamberger, Spencer and Pacocha",Dryden,1450,Ekenas,24529
RIXW045170XN6,Chemistry,Grover,6,Ajaccio,70918
ZUQE815065LZ9,Hodkiewicz-McKenzie,Chinook,4902,Criacao Velha,59041
MUKR675375NC5,Green LLC,Debs,6664,Youludu Sibage,95789
BOJA673760GS3,Bednar-Raynor,Bultman,4820,Krylovskaya,15973
DEWH268806NR5,Anderson-Hermann,Lawn,3987,Chinhoyi,29779
COSH865735NH0,Lumiere,Toban,5945,Dongxiang,15888
TUND293325ZG0,Dietrich-Gislason,Cordelia,4,Jiangjiazui,98736
FIAV141431QJ2,Ruecker-Schroeder,Linden,7290,Nangan,12417
JEMD005126ZI5,Koss-Braun,Waxwing,24,Erseke,55644
CEPQ170988RV7,Cronin-Legros,Lien,5,Ustek,61651
TUVI745406XS8,"Jacobi, Braun and Haag",Nova,124,Gwangju,26478
WULY471964BP3,Schaden-Schinner,Talisman,26,AmbelOn,59202
GONR568504RG7,Bode Group,Tony,371,Gandara de Aquem,54256
TAUL472727HM6,"Krajcik, Daugherty and Hettinger",Morrow,7276,Lianpeng,14633
LAXF026575FD4,Tromp-Marvin,Prairieview,354,Shataping,27666
XUNV692743EL6,Pears,Badeau,44,Kythnos,20089
AIVW495858TP8,Kunde-Hettinger,Cascade,1134,Ondoy,18825
GOAK453379RD7,Harber-Glover,Bashford,1933,Sempu,55281
LUQZ435592KY8,"Ziemann, Kuhlman and Herzog",Mallory,6,Wanshi,22481
CEQT020635XP9,Erdman-Schinner,Algoma,585,Naran mandokhu Somon,63763
HOWQ580779GP9,"Jacobs, Kohler and Prohaska",Calypso,148,Minshan,65995
ZUIU100377PD9,Heaney LLC,3rd,10,Cardenas,37258
FUPW244479UJ5,Fadel-Okuneva,Gateway,4980,Qaffin,99806
IUGR503105RT9,MONTIEL,Erie,3,Ballsh,83237
WUJK340812FB9,"Reinger, Botsford and Senger",Fairview,509,Vallehermoso,42162
UUBE078823ML1,Hansen Group,Marquette,4417,Wenping,90384
MUXR042640UI2,Smitham LLC,Garrison,1580,Wangsi,48402
BUMB579386EN1,Wolf-Schoen,Heath,89,Goteborg,63834
HEJY791725PC4,Anderson-Dicki,Harper,674,Ganta,56650
EEUV346394LA8,Anderson LLC,Hoard,2,Leiguan,31866
MOQO580337VK0,Delgado,Calypso,33,Towa,23006
RUNE461476TS9,Anderson-Bogan,Burning Wood,9,Santa Fe,45106
EUEV461889BD5,Kunze Group,Westridge,1871,Diriomo,32490
GAGS843136PY6,"Heidenreich, Greenfelder and Greenfelder",Parkside,9,Varzea da Serra,88199
EUXV232594RO1,Von-Murphy,Melby,3348,San Diego,55223
BUZB339509SX6,Maggio and Sons,Oriole,1476,Torbate Jam,31047
CUKI194804UW4,Mitosky,Lakeland,5160,Ronglong,55570
JILI292579UY6,Lesch Inc,Scofield,4,Guara,23248
MUZL436243RV3,"Waelchi, Murazik and Runolfsdottir",Corry,55,San Bernardino,85939
IEBV647414ZK4,Corwin-Dibbert,Mallory,7053,Uiju,18474
RUAZ253180IL0,"Hahn, Brekke and Gibson",Shelley,1,Maji,39784
GOPV470874IX9,"Green, Pfeffer and MacGyver",Fair Oaks,5931,Muang Phon Hong,68838
FOLE160568DI9,"Casper, Tromp and Oberbrunner",Glendale,8502,Yangtan,87330
IEPQ867794MS6,"Durgan, Rowe and Schuppe",Jackson,81,Austin,80255
TELR897908PK4,Quigley-Connelly,Walton,3016,Moravsky Pisek,92334
MUMA041664FN6,Bulgarian,Monica,91,Sishui,51907
JUBN919664KF7,"Bradtke, Fritsch and Breitenberg",Melby,5398,Vila Nova de Milfontes,49655
YUYJ226819BX5,Bernier-Heaney,Lyons,7613,Santo Anastacio,21192
JUZQ607662MU8,Ritchie and Sons,Toban,755,Rozhnyativ,99370
HOTC824866YG8,Brekke-Will,Birchwood,7027,Paris La Defense,22541
BAWH739537IO1,Marvin-Batz,Holmberg,40,Limbalod,18941
TOBM242302DM0,"Bogan, Goyette and Roberts",Katie,9,Fengle,75476
FUUQ846093VN4,Goel,Milwaukee,7,Amnat Charoen,44597
NUDN563174BQ3,"Mertz, Wuckert and Considine",Swallow,931,Fangqiang,59090
RUIH670388TD9,Dibbert LLC,Corben,4694,Fenglin,77650
RUEY739867PI5,Wisoky-Buckridge,Northridge,1869,Ubaitaba,38272
