CURP_Supervisado,CURP_Supervisor
UORA607449MNEEKG54,OAMO447045HZSRNW54
LANX055956MTSRFG03,OAMO447045HZSRNW54
IIEK157248HNEFWG28,OAMO447045HZSRNW54
FIZD841918MNEZTM26,OAMO447045HZSRNW54
KAMJ582926MYNJYD93,OAMO447045HZSRNW54
IUST985301MNEXAK33,OAMO447045HZSRNW54
BUWH488937HNEOAR53,OAMO447045HZSRNW54
QUVA964623MYNYXM52,OAMO447045HZSRNW54
UOXF832606MZSGFH34,OAMO447045HZSRNW54
ZODJ100555HNECXE76,OAMO447045HZSRNW54
JUIJ680369HNECVG07,NUWP703679MZSMVC07
NIJF393827MZSLFG78,NUWP703679MZSMVC07
ZEFX401880MNEDQC00,NUWP703679MZSMVC07
HUND542123MNEKDY17,NUWP703679MZSMVC07
YULS982404HZSAFN81,NUWP703679MZSMVC07
GUKG308426MNESIW26,NUWP703679MZSMVC07
NEFQ170211MNEMUN56,NUWP703679MZSMVC07
DOZK879754HZSDOP31,NUWP703679MZSMVC07
QUYT493734HNECBQ58,NUWP703679MZSMVC07
EUAN118205HNEXCQ39,EUNV152433HNEALB17
QOOP560588MNEPDH54,MIZQ516357MNEIRE59
OIAY503750MZSQJO47,DOPJ649771MZSFRO20
XOAM079532HZSYTO02,UIEM344024MNEIYN07
TOKQ741737MZSOIS10,HUUA247353HZSRAD38
TONH937498HYNBWF93,CIKD747674HZSMTW22
GEAP503039HNEIEX16,RURB635794MZSZVH93
AUWN276815HZSKVA72,CIPZ118727MNERGH91
IUSU946814HYNQJZ07,YUHJ431741MVZJZU07
NAZT188006MNEECP31,NUKY279967MNEGFT22
RAYL701911HNEOSR48,OIKP469817MZSFWA46
GUKO433304MZSLAV91,EUNV152433HNEALB17
UEMX741737HNEOHX89,MIZQ516357MNEIRE59
IULX282626HZSIHQ43,DOPJ649771MZSFRO20
RUXD076237HNEXQG74,UIEM344024MNEIYN07
TOZB291861MNEWGT48,HUUA247353HZSRAD38
EAOI517474MZSSEM81,CIKD747674HZSMTW22
FAJL490713HNECWO26,RURB635794MZSZVH93
QOFM451880MTSXOK47,CIPZ118727MNERGH91
BEHY256468HNEDVC33,YUHJ431741MVZJZU07
DICH016083MNEHZO01,NUKY279967MNEGFT22
LUBD014038HNELWD80,OIKP469817MZSFWA46
LEBO310352HNEBOW67,EUNV152433HNEALB17
MUOX423527HZSDYH71,MIZQ516357MNEIRE59
DUYD011735MNEIQF32,DOPJ649771MZSFRO20
KUHG237713MNENUL90,UIEM344024MNEIYN07
UUSX548924HZSMNY75,HUUA247353HZSRAD38
DUVO737229HVZXRD37,CIKD747674HZSMTW22
EUSX661567HYNOPH79,RURB635794MZSZVH93
CUEZ392876MVZBUG32,CIPZ118727MNERGH91
JOHU989671HZSPNU87,YUHJ431741MVZJZU07
AUZX563185MYNZQA78,NUKY279967MNEGFT22
HOOY163231MYNTSM60,OIKP469817MZSFWA46
AUTF786305MZSWFX08,EUNV152433HNEALB17
IURX937566MNEHOR83,MIZQ516357MNEIRE59
YUTF454278HNEDCR56,DOPJ649771MZSFRO20
AULM711846MNEPWI17,UIEM344024MNEIYN07
JOOR411951MNEFNW63,HUUA247353HZSRAD38
ZUES701616MZSBGI19,CIKD747674HZSMTW22
EUFO409821MZSFOI00,RURB635794MZSZVH93
PIOF931849MZSDRA12,CIPZ118727MNERGH91
EIKG383339MYNDQZ24,YUHJ431741MVZJZU07
QAAO655290MYNFSW62,NUKY279967MNEGFT22
NUMP528637MNEBEP12,OIKP469817MZSFWA46
JIVN461993HZSRCA88,EUNV152433HNEALB17
UONJ148930MNERCL86,MIZQ516357MNEIRE59
NIYI918193MZSYDA95,DOPJ649771MZSFRO20
AUCD941053HNEBNA00,UIEM344024MNEIYN07
LOIY784210MZSWNA26,HUUA247353HZSRAD38
WOPL488643HNEAKO13,CIKD747674HZSMTW22
IUVE699157HNEVHO70,RURB635794MZSZVH93
BUFV788030MVZTXN41,CIPZ118727MNERGH91
LOMU602509MNERWJ22,YUHJ431741MVZJZU07
FUUM920842HZSBPJ27,NUKY279967MNEGFT22
BUMQ549428MNESKF56,OIKP469817MZSFWA46
JOSU777565HNESCW12,EUNV152433HNEALB17
RIOD595459MYNBWZ55,MIZQ516357MNEIRE59
CUEG118892MZSHES38,DOPJ649771MZSFRO20
IOCU572669HZSCZB70,UIEM344024MNEIYN07
VURB857060MVZIHN84,HUUA247353HZSRAD38
HOEU285587MZSZRO58,CIKD747674HZSMTW22
VIRM718903MNETNI53,RURB635794MZSZVH93
CUMV180316HZSKUA44,CIPZ118727MNERGH91
ROSE687885HNEDXQ03,YUHJ431741MVZJZU07
OUMB930364HZSMSU87,NUKY279967MNEGFT22
COZM278619HTLVMR13,OIKP469817MZSFWA46
DUYW178260MNEDTZ12,EUNV152433HNEALB17
VUGS549945HNEBUY46,MIZQ516357MNEIRE59
ROQA662777HNEQBV04,DOPJ649771MZSFRO20
TOUW755253HVZIST86,UIEM344024MNEIYN07
EOBF523921MNEUOE44,HUUA247353HZSRAD38
AUTZ709921MVZJGE37,CIKD747674HZSMTW22
QOSP050762MNEFGP37,RURB635794MZSZVH93
MURQ573602MNETYE43,CIPZ118727MNERGH91
HUOJ056750MVZJDZ99,YUHJ431741MVZJZU07
HUBZ486756MNEYXD62,NUKY279967MNEGFT22
EIQP676915HYNMXR20,OIKP469817MZSFWA46
WABY745955MNEMGC77,OUXM294584HNEQCG31
IUZO847540HZSTGN85,QUPF671303HNENQL58
XUTN296904MNEZBP02,EUKT657760MNEBWK35
CUXZ221953HZSMIE20,AUFR711622HZSHYP10
VUGC158562HZSJYL69,OUBH096462HNEOTZ66
MURI215199MZSIXC33,RUVC120682MYNNRJ09
RONR972610HNEVKD10,JIJQ506588HNEKDC30
JUUQ291181MNEDJK77,UUUM559100HNEQIP12
IUBO964223MZSZOK49,EOOJ513432MVZKMH08
ROZL131842HNEEZY42,HUBM601387HNEQSK31
SUTG238928MNERNC56,AOWB231671HNEDPK36
UOYI253212HNEFHG11,EOMX717016MNEUFZ46
JUHD613477MNESMJ81,IUZS389648MNEWKS71
JOPY817942MZSJLK61,FUMQ777730HNETRP20
CUYH424673HQRQCI70,FUTV034461MNEKEQ63
COHX683798HNEUXQ71,XENA585216HNEQRG06
RIAV341135MNEQUN13,CUFY758468HTSEPS03
NEJR854342MNECDB31,AUJG556249MNEMXD82
ZUDQ341480HZSCZD95,TAXH588474MNELTD61
QUNX174647HTLEMF52,TIZY634500HYNVHI18
QOBO356286MNESHA05,RORD710658MNEBTM82
PUTV709408HZSINZ99,OUXM294584HNEQCG31
UOEZ083441HZSZYS04,QUPF671303HNENQL58
RUZU161303HZSXEK23,EUKT657760MNEBWK35
POWF512408HVZMOU85,AUFR711622HZSHYP10
SOIX662024HNEHQL76,OUBH096462HNEOTZ66
QUJA955933MNENJV15,RUVC120682MYNNRJ09
QUXV217110MZSKSV04,JIJQ506588HNEKDC30
YORC170790HNEGPB81,UUUM559100HNEQIP12
POTB842089MNEKGJ96,EOOJ513432MVZKMH08
HIQU681063MNEAJY43,HUBM601387HNEQSK31
MOJG852973HNETVI61,AOWB231671HNEDPK36
MUUW534931HNENPX80,EOMX717016MNEUFZ46
NUGD844315HTLEIQ21,IUZS389648MNEWKS71
OIHB334852MTLDEH11,FUMQ777730HNETRP20
XOVE139297HNEPNK40,FUTV034461MNEKEQ63
AULA051167HNEBVT62,XENA585216HNEQRG06
GENJ106990MNERAY02,CUFY758468HTSEPS03
QIBA620407HNEJCA05,AUJG556249MNEMXD82
HILG813889MZSVBK60,TAXH588474MNELTD61
UEMY021783MYNYSN76,TIZY634500HYNVHI18
RIUM566004MNEMIG48,RORD710658MNEBTM82
BIED335871MZSCFZ12,OUXM294584HNEQCG31
FOFC958597MVZPYM80,QUPF671303HNENQL58
EIPM822397MNERHL09,EUKT657760MNEBWK35
POQK982498MZSEVZ30,AUFR711622HZSHYP10
NOYW858164HZSMSJ59,OUBH096462HNEOTZ66
JOGE000151MZSGWT84,RUVC120682MYNNRJ09
FUNS708028MYNJPK58,JIJQ506588HNEKDC30
DUFA262965HNEHBG84,UUUM559100HNEQIP12
CAGY219606HZSGOB93,EOOJ513432MVZKMH08
NICS674841MYNYUQ68,HUBM601387HNEQSK31
PUJS856364MNENDK81,AOWB231671HNEDPK36
TEVQ541669HYNEUF50,EOMX717016MNEUFZ46
VUIE999411HNEPRE19,IUZS389648MNEWKS71
YUQY445901HYNDCZ57,FUMQ777730HNETRP20
QUHZ712879MNEBTE67,FUTV034461MNEKEQ63
YUBM765949HNEDOU42,XENA585216HNEQRG06
JUHQ598756MNELVJ60,CUFY758468HTSEPS03
VAOB080478MNEZLB51,AUJG556249MNEMXD82
BUOG587613HZSFEX39,TAXH588474MNELTD61
GUZC834242MTSBXJ56,TIZY634500HYNVHI18
WUKO194296HYNLQA31,RORD710658MNEBTM82
TURP626853MZSELJ14,OUXM294584HNEQCG31
SULD218410HZSGAZ14,QUPF671303HNENQL58
YUAU798887HTLUBM08,EUKT657760MNEBWK35
UUIS548272HNEHLC68,AUFR711622HZSHYP10
ROQZ624085MYNUIL94,OUBH096462HNEOTZ66
QUAU821227MNEXAI35,RUVC120682MYNNRJ09
MIJD674262HZSQDS17,JIJQ506588HNEKDC30
UUIA485357HYNHCG41,UUUM559100HNEQIP12
OOMN485031MYNBXI97,EOOJ513432MVZKMH08
JIIJ370026MNEKNG43,HUBM601387HNEQSK31
TUEK831553HNEQAT94,AOWB231671HNEDPK36
WOIW782029MYNPRF90,EOMX717016MNEUFZ46
NAEX873421MVZBEY17,IUZS389648MNEWKS71
WUKN139398HNEHRF22,FUMQ777730HNETRP20
OUZR128584MYNKIY11,FUTV034461MNEKEQ63
QAEY602919HZSLYK82,XENA585216HNEQRG06
IUGU524421MZSIOR81,CUFY758468HTSEPS03
ZIDF967574MZSIEN96,AUJG556249MNEMXD82
AUCU355136MNETGK57,TAXH588474MNELTD61
UUQR969667HYNWVP52,TIZY634500HYNVHI18
FUDK140437HNEYUV65,RORD710658MNEBTM82
AUTF938005MYNDSV46,OUXM294584HNEQCG31
AUJO052735HNEBPN29,QUPF671303HNENQL58
PUPV560870HNEAXB17,EUKT657760MNEBWK35
OUWD936329HNETME76,AUFR711622HZSHYP10
JOFS008828MNEQSR17,OUBH096462HNEOTZ66
HORX802171HYNVLZ07,RUVC120682MYNNRJ09
DAVI586484MNEIXU97,JIJQ506588HNEKDC30
WUSG859629MZSUDR68,UUUM559100HNEQIP12
VAYL654937MZSTCX15,EOOJ513432MVZKMH08
WOSQ228309MVZXDI96,HUBM601387HNEQSK31
LUBT596794HZSUML07,AOWB231671HNEDPK36
UUZV018762HNEIGS31,EOMX717016MNEUFZ46
HUQP342498HNEGRS38,IUZS389648MNEWKS71
BUYM302511MTLCXV51,FUMQ777730HNETRP20
VOSZ719673HNEMUN53,FUTV034461MNEKEQ63
IUGY996580MYNHGQ16,XENA585216HNEQRG06
PUWP295061HNEQHT85,CUFY758468HTSEPS03
UOOH011221MVZOHX87,AUJG556249MNEMXD82
MUKP748679MNEEYC80,TAXH588474MNELTD61
UUMK834037HTCSIN07,TIZY634500HYNVHI18
HUHO149358MZSPGH49,RORD710658MNEBTM82
BOND756214MZSWCF64,OUXM294584HNEQCG31
QUDE016769MNEEXQ63,QUPF671303HNENQL58
KUZH807904MNEVWQ90,EUKT657760MNEBWK35
DODP133905HZSIZH40,AUFR711622HZSHYP10
XONF127990HNEQSM81,OUBH096462HNEOTZ66
PINP139118HZSRPW88,RUVC120682MYNNRJ09
TIML384269MYNWRB60,JIJQ506588HNEKDC30
FUQM420645MNEDNL52,UUUM559100HNEQIP12
UOJX227056HYNMHL33,EOOJ513432MVZKMH08
TUFJ767771HYNECR90,HUBM601387HNEQSK31
DUIC134523HZSKPE70,AOWB231671HNEDPK36
BOSW859742MNEQKL80,EOMX717016MNEUFZ46
CUOX739224HNEZWX04,IUZS389648MNEWKS71
DIPB500231MYNHZL09,FUMQ777730HNETRP20
ZUIH145037HVZORZ42,FUTV034461MNEKEQ63
SUQK717907HZSPHR63,XENA585216HNEQRG06
CEVA185533MVZYCO81,CUFY758468HTSEPS03
RUZF354046MNEEBW67,AUJG556249MNEMXD82
TUPS493772HZSPNL22,TAXH588474MNELTD61
WORB381144MNEKID91,TIZY634500HYNVHI18
YUEX427846HNEDQY72,RORD710658MNEBTM82
RIVU715797MNEXRS19,OUXM294584HNEQCG31
QOYG080099HYNVEQ48,QUPF671303HNENQL58
ZUWC241594MNEEOJ90,EUKT657760MNEBWK35
NUBD648649MNEIGC86,AUFR711622HZSHYP10
KAZN446770MZSENQ08,OUBH096462HNEOTZ66
ROID373300MNEKWD01,RUVC120682MYNNRJ09
HASB655045HZSHLF29,JIJQ506588HNEKDC30
NUNZ771193HNEDIA39,UUUM559100HNEQIP12
GOOX625542HZSZOT91,EOOJ513432MVZKMH08
XEJM453591MNEGOT13,HUBM601387HNEQSK31
EIJY178366HNEAYG69,AOWB231671HNEDPK36
CUTE456498HYNZUR25,EOMX717016MNEUFZ46
EUWL957464MNEQLO91,IUZS389648MNEWKS71
LEBG773916MNEKSN63,FUMQ777730HNETRP20
QOPR588909MNEUSB49,FUTV034461MNEKEQ63
RUNR986577MNEBLZ55,XENA585216HNEQRG06
TUEZ466235HNEVED48,CUFY758468HTSEPS03
PIDX649739MNEYCI54,AUJG556249MNEMXD82
RUOT455775HYNOPL26,TAXH588474MNELTD61
CAWR599041HNEDVY39,TIZY634500HYNVHI18
WULA265216MNEQSP78,RORD710658MNEBTM82
MIZF054274MNEALJ60,OUXM294584HNEQCG31
AUDO257722HZSCPZ39,QUPF671303HNENQL58
JUEZ216840HNECUK25,EUKT657760MNEBWK35
CUYS353386HZSAUR26,AUFR711622HZSHYP10
DEGM341089MVZGIB23,OUBH096462HNEOTZ66
WIRD395950HZSLBX06,RUVC120682MYNNRJ09
AOLG974141HZSDBX92,JIJQ506588HNEKDC30
RUBU742867HNELTF42,UUUM559100HNEQIP12
AOXI694766HNESXH17,EOOJ513432MVZKMH08
XOPK125144MNEALK66,HUBM601387HNEQSK31
FUEW177220HTCYGB10,AOWB231671HNEDPK36
NONL376124MYNKLF44,EOMX717016MNEUFZ46
PIPN757057MVZRHC14,IUZS389648MNEWKS71
EUBY771832HZSHXE59,FUMQ777730HNETRP20
UEDS068853HNECMP38,FUTV034461MNEKEQ63
FEWU220728HTLVJE55,XENA585216HNEQRG06
CUDV469697MYNNKC53,CUFY758468HTSEPS03
KEHJ617505HNEYTM74,AUJG556249MNEMXD82
MIIS468069HNEAIF25,TAXH588474MNELTD61
JUKN835396MVZFSU98,TIZY634500HYNVHI18
TUAX548976HYNQEB97,RORD710658MNEBTM82
WODT118293HZSJYB04,OUXM294584HNEQCG31
ZUDX512307HNELYI71,QUPF671303HNENQL58
JUJK017989MZSESO96,EUKT657760MNEBWK35
AUMP579705HZSTZH10,AUFR711622HZSHYP10
ZUHK504860MYNUSX55,OUBH096462HNEOTZ66
GUCI545430HNEMGB01,RUVC120682MYNNRJ09
PUJM189658MNEBCQ13,JIJQ506588HNEKDC30
RUAV563647MNEVMC08,UUUM559100HNEQIP12
OIQK922565HNECAO19,EOOJ513432MVZKMH08
ZUGI811977MYNPSB35,HUBM601387HNEQSK31
KUPS124980MYNUME65,AOWB231671HNEDPK36
MUWD146214HNEQTM35,EOMX717016MNEUFZ46
NUJQ056496HNEVQI49,IUZS389648MNEWKS71
XOAP073451MNEEVA42,FUMQ777730HNETRP20
MIKQ861253MZSHQM28,FUTV034461MNEKEQ63
WUAE058209HZSDUN20,XENA585216HNEQRG06
OEYM547454HZSMUD94,CUFY758468HTSEPS03
KUEQ567084MZSBEZ16,AUJG556249MNEMXD82
JUVR468368MNEDNC92,TAXH588474MNELTD61
OUBY901683HNEMWI47,TIZY634500HYNVHI18
SUGB948302MYNWZJ42,RORD710658MNEBTM82
JUNW360053MNEQGK64,OUXM294584HNEQCG31
UUHM355019MNELIP46,QUPF671303HNENQL58
YUKM930949HYNNIR28,EUKT657760MNEBWK35
PUJF172190HVZXGY33,AUFR711622HZSHYP10
WUTR347841HZSABQ01,OUBH096462HNEOTZ66
TUIU594356HTLUYT29,RUVC120682MYNNRJ09
XURY165640MYNDLF18,JIJQ506588HNEKDC30
CIDR221018MVZERV78,UUUM559100HNEQIP12
VIZW773380MZSWVY35,EOOJ513432MVZKMH08
ZAAW985118HNEMFE99,HUBM601387HNEQSK31
VOZR505862MNEXYL69,AOWB231671HNEDPK36
UUCP741769HVZQMB08,EOMX717016MNEUFZ46
AOVA277125MNELSF71,IUZS389648MNEWKS71
XIUW842198HZSLVW27,FUMQ777730HNETRP20
QIUY404324MNENBT63,FUTV034461MNEKEQ63
JUAZ526048MNEMDT76,XENA585216HNEQRG06
NOZU436254MNEBLH46,CUFY758468HTSEPS03
KUFY957301HNEAWC71,AUJG556249MNEMXD82
YAAM670952HNETJO86,TAXH588474MNELTD61
EOWK580694HTLQFW10,TIZY634500HYNVHI18
LIPU077456HZSHGX56,RORD710658MNEBTM82
YIWU904885HZSUHP35,OUXM294584HNEQCG31
FALV121476MNESHC27,QUPF671303HNENQL58
FIFU656454MYNNRZ15,EUKT657760MNEBWK35
WUUB523443MNENGB29,AUFR711622HZSHYP10
IIXP069473HNEEJL15,OUBH096462HNEOTZ66
JUIX759746HNEKSI83,RUVC120682MYNNRJ09
PEAQ854102MNEWIL30,JIJQ506588HNEKDC30
IUPZ110676MSRHCV73,UUUM559100HNEQIP12
YUEI352830HZSNMG78,EOOJ513432MVZKMH08
QEKV580014HZSIUZ84,HUBM601387HNEQSK31
BOLB398562HYNEZM62,AOWB231671HNEDPK36
MUIL926292MZSKRZ87,EOMX717016MNEUFZ46
ZIYK790835MNEDHI93,IUZS389648MNEWKS71
IOPN927095MYNSMO51,FUMQ777730HNETRP20
LOGR383909HTSUFR37,FUTV034461MNEKEQ63
VOLJ020263MZSOIH29,XENA585216HNEQRG06
IUWN533336HNECTX27,CUFY758468HTSEPS03
TIJL701777HVZICS03,AUJG556249MNEMXD82
OODT838335MNEOMH25,TAXH588474MNELTD61
JORE196435MZSJQV14,TIZY634500HYNVHI18
TUTH634489HYNZQI86,RORD710658MNEBTM82
ZUUK562435MNEYBC43,GOBY477032MNELVM44
SOEC847079HZSSKI18,MILW563807MNEIWR39
YIUD726597HYNFZC21,YEAZ611576HZSSZO72
EUJG466973MVZXIE15,MOXJ671307HZSVMC08
YIJU192591HYNXBV76,KUNR805447HZSMQV98
EAWP314096HVZECK67,FOGV360468HNEQCI54
XATL726398HZSWBT77,JUMG462736HTSKHB38
KUKU121813MNEDZU71,XUCI785654MZSBPM88
NOYW112962MTCNHF42,GOBY477032MNELVM44
GUQO289643MNEUXY97,MILW563807MNEIWR39
GUPF771495HNEWSU81,YEAZ611576HZSSZO72
GOCI947960MNEHVD79,MOXJ671307HZSVMC08
RUJL041639MYNWDQ23,KUNR805447HZSMQV98
WUFU667443MZSJFS03,FOGV360468HNEQCI54
MUHD825208HNEVLB32,JUMG462736HTSKHB38
COQT052224HZSYUM97,XUCI785654MZSBPM88
QUJB312641MNEZFB84,GOBY477032MNELVM44
KOPG644873HNEEAR65,MILW563807MNEIWR39
IUVS025189HNEEBD01,YEAZ611576HZSSZO72
AUKI760794HVZEKX52,MOXJ671307HZSVMC08
KUOB623169MNELKJ46,KUNR805447HZSMQV98
ZIKT389517HNEAFC13,FOGV360468HNEQCI54
JUYD511390MNEAPR51,JUMG462736HTSKHB38
NUPK661389MZSWZG41,XUCI785654MZSBPM88
HAPT924797MNEBJG93,GOBY477032MNELVM44
NOQE419879HNEZBL21,MILW563807MNEIWR39
GUAD954387HTLIMU26,YEAZ611576HZSSZO72
DUQU364652HNEEFI36,MOXJ671307HZSVMC08
JIRZ748254MNEEAU05,KUNR805447HZSMQV98
GUCB983702MZSFTG91,FOGV360468HNEQCI54
RUJE993719HNEXDL76,JUMG462736HTSKHB38
BUJH532348HTLGNP78,XUCI785654MZSBPM88
POUJ631378HNEOYF15,GOBY477032MNELVM44
VIFJ553397MZSMYD91,MILW563807MNEIWR39
XUXE834961HYNWRK15,YEAZ611576HZSSZO72
LAFG962239MNEINK75,MOXJ671307HZSVMC08
CUSH223972MYNROC94,KUNR805447HZSMQV98
TUBM929126MNEXQJ29,FOGV360468HNEQCI54
RAJS947728HNEAIL15,JUMG462736HTSKHB38
TOLW768085HYNJSE00,XUCI785654MZSBPM88
XUJI466068HVZFHM53,GOBY477032MNELVM44
IUUR743217HNEDYL92,MILW563807MNEIWR39
VAOF147833MNESQO54,YEAZ611576HZSSZO72
EUGA423129HNENOQ08,MOXJ671307HZSVMC08
NEUC704928MVZRGM61,KUNR805447HZSMQV98
XUUO504996MNEVZU57,FOGV360468HNEQCI54
KUQJ965006MNEHRK17,JUMG462736HTSKHB38
KAOR285582MNETLM35,XUCI785654MZSBPM88
VIAI409840MNEHZX90,GOBY477032MNELVM44
QUDR389673HZSFKD67,MILW563807MNEIWR39
GUMC005237HZSBRX94,YEAZ611576HZSSZO72
EUPO108752HZSXKL91,MOXJ671307HZSVMC08
VIWV661449HTLJPM44,KUNR805447HZSMQV98
HUOH796875HNEXWN74,FOGV360468HNEQCI54
AUAB008887MNEBJD01,JUMG462736HTSKHB38
WICP628816MVZHZG36,XUCI785654MZSBPM88
RUKN223385HNELXP36,GOBY477032MNELVM44
LIEI613132HZSWSL91,MILW563807MNEIWR39
BIFJ136365HVZWRA47,YEAZ611576HZSSZO72
GEHW239730HZSRQW47,MOXJ671307HZSVMC08
BAMF837454MYNNCX89,KUNR805447HZSMQV98
AIVC074056HNEZGD83,FOGV360468HNEQCI54
OOIH010742MVZFAB54,JUMG462736HTSKHB38
CUHA320494MNELBD55,XUCI785654MZSBPM88
ZUBW208890MNEQSK46,GOBY477032MNELVM44
KEAV244975MVZNKP51,MILW563807MNEIWR39
WIMW478912HNEAEH46,YEAZ611576HZSSZO72
EACA366787MZSYSO06,MOXJ671307HZSVMC08
OOJP743398MNEHRF20,KUNR805447HZSMQV98
YOCT873514MZSPGI54,FOGV360468HNEQCI54
GIJW539731MNEHKB57,JUMG462736HTSKHB38
GUNV600734MNEVQL89,XUCI785654MZSBPM88
RUCE488332MNERDQ53,GOBY477032MNELVM44
EUDG233891MYNXZV20,MILW563807MNEIWR39
MIOB604635MNELMP89,YEAZ611576HZSSZO72
IIRM940441HNETFE41,MOXJ671307HZSVMC08
EUDU187775HTSHBE60,KUNR805447HZSMQV98
MUPT943961MZSXTU09,FOGV360468HNEQCI54
JUUT249270HVZKFX61,JUMG462736HTSKHB38
RUQA879249HNEWGK66,XUCI785654MZSBPM88
JOEH122580MNEPBA13,GOBY477032MNELVM44
FUXT804499MNEMBR92,MILW563807MNEIWR39
DUZV186437MNEGLM55,YEAZ611576HZSSZO72
QONV586423MTLJXB76,MOXJ671307HZSVMC08
IINY046087HYNRBP57,KUNR805447HZSMQV98
CEXZ545762HNEWXT96,FOGV360468HNEQCI54
YEFO597586HNEQRH14,JUMG462736HTSKHB38
AOBR034506HVZDZS40,XUCI785654MZSBPM88
WUEW662796HZSBFE70,GOBY477032MNELVM44
GUTX360756MZSVQL65,MILW563807MNEIWR39
CUZH600300HVZLQV10,YEAZ611576HZSSZO72
JUZF997854MNEBAM93,MOXJ671307HZSVMC08
XOUG569694MNEHBT70,KUNR805447HZSMQV98
DOQF510401MNECDK69,FOGV360468HNEQCI54
ZUIJ912140MNEIZM80,JUMG462736HTSKHB38
VIIH789853HNEYLH54,XUCI785654MZSBPM88
EIQL352656MNEYDR62,GOBY477032MNELVM44
ZOUT938154HZSMQC90,MILW563807MNEIWR39
FOMY135627MNEHXZ35,YEAZ611576HZSSZO72
VUMS626279MZSNZS43,MOXJ671307HZSVMC08
FOGY890028HZSBRO24,KUNR805447HZSMQV98
EUNP094906HNEOQK29,FOGV360468HNEQCI54
OOFN782984HYNIEV91,JUMG462736HTSKHB38
SUCU418549HZSBFS35,XUCI785654MZSBPM88
NOZU243334HNEXHS54,GOBY477032MNELVM44
JUSN681500HNEFQD35,MILW563807MNEIWR39
GAQX014821MNETBG68,YEAZ611576HZSSZO72
MOQH720419MNEPVA78,MOXJ671307HZSVMC08
GOQE732299HNEBUH94,KUNR805447HZSMQV98
TAOC932499MYNISL70,FOGV360468HNEQCI54
RUIN154458MZSBCX74,JUMG462736HTSKHB38
MULX479776MZSYUR80,XUCI785654MZSBPM88
XUPO441744HNEWDB35,GOBY477032MNELVM44
EUYN961882HVZSVP76,MILW563807MNEIWR39
LUHR722891HZSTJR14,YEAZ611576HZSSZO72
GOAQ650245MNEDQU32,MOXJ671307HZSVMC08
GULB851784MYNSXE53,KUNR805447HZSMQV98
WUFL683709MZSKEA52,FOGV360468HNEQCI54
OAGT152119MZSXGJ32,JUMG462736HTSKHB38
ZIXL975594HVZWQM65,XUCI785654MZSBPM88
UUPE840085HYNOZR47,GOBY477032MNELVM44
SUJG937244HZSHOQ50,MILW563807MNEIWR39
SOXV773998HNEVWY39,YEAZ611576HZSSZO72
SILU786919MTSMDN07,MOXJ671307HZSVMC08
KUAE329445MNELQC26,KUNR805447HZSMQV98
ZOFY900821HNEDTM99,FOGV360468HNEQCI54
MUZS255958HNEVFK05,JUMG462736HTSKHB38
HUPN163721MNEUMK21,XUCI785654MZSBPM88
BOAT802187HNEQUY44,GOBY477032MNELVM44
BOVB224327HNEPCE05,MILW563807MNEIWR39
UIKM304066MNEDOT89,YEAZ611576HZSSZO72
